{
    "pm25_mean": 59.65693283081055,
    "pm25_std": 42.291236877441406,
    "feature_mean": [
        25.001432418823242,
        1009.856201171875,
        60.01054763793945,
        0.04038536921143532,
        800.0,
        3.8080746889157524e-11,
        1.324547676401222e-11,
        -0.03345886617898941,
        0.09187087416648865,
        0.5,
        0.8664022088050842,
        0.800000011920929,
        2.0035200119018555,
        -1.0065176486968994
    ],
    "feature_std": [
        3.5701491832733154,
        1.0063505172729492,
        7.351831436157227,
        0.0588032603263855,
        212.17803955078125,
        0.7071067094802856,
        0.7071068286895752,
        0.719937264919281,
        0.6872276663780212,
        1.0,
        0.00037671285099349916,
        0.08661022037267685,
        0.998633861541748,
        1.0037121772766113
    ],
    "wind_mean": [
        2.0035200119018555,
        -1.0065176486968994
    ],
    "wind_std": [
        0.998633861541748,
        1.0037121772766113
    ],
    "node_num": 10,
    "hist_len": 24,
    "pred_len": 24,
    "in_dim": 19,
    "out_dim": 5
}